applicant_id,age,monthly_income_k,credit_score,loan_amount_lakh,existing_loans,years_employed,employment_type,property_owner,approved,approved_amount_lakh
5001,36,31,675,6.1,1,6,Self-employed,Yes,0,0.0
5002,30,29,572,8.5,0,,Salaried,No,0,0.0
5003,31,88,704,10.2,3,6,Salaried,Yes,1,9.8
5004,21,18,648,3.7,2,0,Salaried,Yes,0,0.0
5005,48,42,707,9.3,2,11,Salaried,Yes,1,7.7
5006,43,43,749,5.9,0,9,Salaried,No,1,5.8
5007,31,15,710,3.8,1,4,Salaried,Yes,0,0.0
5008,40,43,594,11.0,0,12,Salaried,No,0,0.0
5009,36,85,708,18.4,2,9,Salaried,Yes,1,16.4
5010,30,53,562,6.1,0,5,Salaried,Yes,0,0.0
5011,42,33,626,4.1,0,9,Salaried,No,0,0.0
5012,32,71,811,14.4,0,8,Salaried,Yes,1,13.3
5013,31,63,685,7.5,1,6,Salaried,Yes,1,7.1
5014,28,130,803,31.8,1,5,Salaried,No,1,25.9
5015,38,33,671,8.3,3,6,Self-employed,Yes,0,0.0
5016,33,41,685,3.4,0,7,Salaried,No,1,3.3
5017,38,53,,11.8,0,9,Salaried,No,0,0.0
5018,29,45,756,10.7,0,6,Self-employed,Yes,1,9.2
5019,35,55,670,12.7,2,10,Salaried,Yes,0,0.0
5020,27,43,733,11.5,0,3,Salaried,Yes,1,10.6
5021,41,36,718,8.6,1,8,Self-employed,Yes,1,8.1
5022,36,24,726,2.4,1,11,Salaried,No,1,2.0
5023,37,42,710,5.5,1,13,Self-employed,No,1,5.0
5024,37,27,683,6.4,0,12,Self-employed,No,1,6.1
5025,26,27,686,7.2,2,4,Salaried,No,0,0.0
5026,40,42,634,5.0,3,13,Self-employed,Yes,0,0.0
5027,50,74,525,13.0,0,15,Salaried,Yes,0,0.0
5028,21,64,724,5.8,1,,Salaried,No,1,5.6
5029,21,25,845,6.2,3,0,Self-employed,Yes,1,5.6
5030,22,49,769,13.4,0,0,Self-employed,Yes,1,12.3
5031,41,84,865,6.0,0,14,Self-employed,Yes,1,5.4
5032,35,52,724,14.3,2,11,Salaried,Yes,0,0.0
5033,43,24,615,3.2,1,13,Self-employed,No,0,0.0
5034,40,19,613,2.9,1,15,Salaried,No,1,2.8
5035,36,79,745,13.1,4,11,Self-employed,Yes,1,11.1
5036,36,77,714,22.6,0,7,Salaried,Yes,1,22.5
5037,33,57,676,8.8,1,8,Salaried,No,0,0.0
5038,41,33,,8.9,1,14,Salaried,No,1,7.6
5039,25,88,622,28.1,3,1,Salaried,No,0,0.0
5040,31,91,729,21.8,0,8,Self-employed,No,1,17.7
5041,36,53,668,12.5,1,12,Self-employed,Yes,1,10.2
5042,48,47,701,11.1,2,11,Salaried,Yes,0,0.0
5043,28,17,780,3.5,0,3,Self-employed,Yes,1,3.1
5044,25,62,679,4.1,2,1,Self-employed,No,1,4.1
5045,29,21,794,3.4,0,6,Salaried,No,1,3.2
5046,42,71,791,10.7,2,9,Self-employed,Yes,1,10.3
5047,32,73,632,7.8,2,9,Salaried,Yes,0,0.0
5048,45,60,866,14.6,0,15,Salaried,No,1,13.7
5049,21,91,596,9.7,1,0,Salaried,Yes,0,0.0
5050,43,44,683,4.8,1,10,Salaried,Yes,1,4.2
5051,42,70,746,5.9,2,10,Salaried,No,1,5.1
5052,23,63,517,9.4,1,1,Salaried,No,0,0.0
5053,35,55,769,9.4,2,,Salaried,Yes,1,7.6
5054,44,42,777,12.7,0,10,Self-employed,Yes,1,11.8
5055,35,100,682,8.3,1,12,Salaried,No,1,7.3
5056,42,68,711,17.3,2,13,Self-employed,No,1,16.6
5057,53,49,707,5.9,0,12,Salaried,No,1,5.6
5058,36,51,675,14.1,0,13,Self-employed,Yes,0,0.0
5059,32,53,772,8.5,0,8,Salaried,Yes,1,7.3
5060,28,143,662,31.9,0,4,Salaried,No,1,25.8
5061,39,51,687,11.6,0,7,Salaried,No,1,10.3
5062,32,44,719,11.6,0,8,Salaried,No,0,0.0
5063,33,27,755,7.7,1,4,Salaried,No,1,7.5
5064,33,28,775,5.7,0,10,Salaried,No,1,5.7
5065,39,22,578,4.4,0,14,Self-employed,Yes,0,0.0
5066,25,49,536,7.6,0,2,Salaried,Yes,0,0.0
5067,22,42,680,7.1,1,0,Salaried,No,0,0.0
5068,21,25,687,7.3,1,0,Salaried,Yes,0,0.0
5069,44,27,608,3.6,2,14,Salaried,No,0,0.0
5070,35,45,714,9.8,2,11,Salaried,No,1,9.1
5071,46,40,739,6.0,0,10,Salaried,Yes,1,5.1
5072,34,26,720,7.1,1,9,Salaried,Yes,1,6.6
5073,28,54,816,8.2,0,5,Self-employed,No,1,8.1
5074,38,53,612,6.0,1,8,Self-employed,No,1,4.9
5075,33,45,692,7.6,1,5,Self-employed,No,1,6.9
5076,24,64,837,12.9,1,2,Salaried,Yes,1,11.8
5077,27,33,742,3.5,2,4,Salaried,Yes,1,2.9
5078,48,104,606,8.1,0,11,Salaried,No,1,7.8
5079,37,32,706,4.5,3,11,Self-employed,No,0,0.0
5080,37,63,780,4.9,1,7,Self-employed,No,1,4.1
5081,32,64,849,16.9,1,5,Self-employed,No,1,16.7
5082,28,41,741,6.1,0,5,Salaried,No,1,5.1
5083,41,67,779,15.8,0,14,Self-employed,No,1,14.5
5084,33,27,606,7.7,0,9,Salaried,No,0,0.0
5085,28,21,672,4.2,3,3,Salaried,No,0,0.0
5086,33,46,781,13.4,0,9,Salaried,No,1,10.8
5087,27,32,617,6.2,4,4,Self-employed,No,0,0.0
5088,36,67,686,5.1,2,8,Salaried,No,1,4.1
5089,43,57,548,10.9,0,14,Salaried,No,0,0.0
5090,27,59,803,9.4,0,2,Salaried,No,1,8.4
5091,45,68,680,10.4,0,16,Self-employed,No,1,9.6
5092,29,49,,8.9,0,3,Salaried,No,1,7.4
5093,35,52,576,14.8,3,8,Salaried,Yes,0,0.0
5094,27,38,590,9.9,0,4,Salaried,No,0,0.0
5095,32,39,828,10.1,2,7,Salaried,Yes,1,8.6
5096,34,140,,15.1,0,9,Salaried,No,1,14.2
5097,31,19,649,4.8,1,4,Self-employed,Yes,0,0.0
5098,28,42,729,10.8,0,5,Salaried,No,1,8.7
5099,29,77,732,9.0,0,5,Self-employed,Yes,1,7.3
5100,27,57,541,17.5,0,5,Salaried,No,0,0.0
5101,21,84,,13.4,1,0,Salaried,Yes,0,0.0
5102,32,67,694,19.0,1,9,Salaried,Yes,0,0.0
5103,37,27,690,5.1,4,10,Salaried,Yes,0,0.0
5104,41,48,717,8.7,3,15,Salaried,Yes,0,0.0
5105,39,24,657,5.6,0,7,Salaried,Yes,1,5.4
5106,54,88,669,22.7,2,12,Salaried,Yes,0,0.0
5107,37,110,706,14.2,1,12,Salaried,No,1,13.4
5108,30,38,638,9.1,4,6,Salaried,Yes,0,0.0
5109,49,88,626,8.1,0,25,Salaried,No,1,8.0
5110,26,35,648,4.1,1,2,Self-employed,Yes,1,3.3
5111,42,27,690,4.2,1,13,Self-employed,Yes,1,4.1
5112,26,35,679,2.2,4,3,Salaried,Yes,0,0.0
5113,37,24,653,6.6,1,,Self-employed,No,0,0.0
5114,21,31,671,5.9,2,0,Salaried,No,0,0.0
5115,41,58,686,6.3,0,11,Salaried,No,1,5.8
5116,33,72,714,16.0,3,9,Salaried,No,1,15.5
5117,26,84,717,11.2,2,3,Self-employed,No,1,10.6
5118,47,54,592,5.6,0,22,Salaried,Yes,1,4.7
5119,40,59,764,9.0,2,11,Salaried,Yes,1,8.8
5120,34,65,568,7.8,0,11,Salaried,No,0,0.0
5121,28,58,731,7.0,1,3,Salaried,Yes,1,6.7
5122,34,15,636,4.5,3,8,Self-employed,Yes,0,0.0
5123,33,35,,2.7,1,10,Salaried,Yes,1,2.3
5124,40,81,,15.7,1,13,Salaried,No,1,15.5
5125,40,31,547,6.2,2,13,Self-employed,Yes,0,0.0
5126,29,51,735,10.0,0,4,Self-employed,No,1,9.1
5127,30,70,710,21.8,0,5,Self-employed,No,1,20.2
5128,30,18,654,1.2,0,5,Self-employed,No,1,1.1
5129,23,38,718,10.1,4,1,Salaried,No,0,0.0
5130,29,52,652,4.0,2,5,Salaried,No,1,3.9
5131,33,47,698,3.9,2,6,Salaried,No,1,3.5
5132,40,23,609,3.8,1,8,Salaried,No,1,3.1
5133,45,75,748,15.1,2,22,Self-employed,Yes,0,0.0
5134,28,34,734,6.9,1,4,Self-employed,No,1,6.6
5135,38,72,745,10.0,3,7,Self-employed,Yes,1,8.5
5136,30,56,639,17.6,2,4,Salaried,No,0,0.0
5137,51,47,828,13.2,0,21,Self-employed,No,1,12.6
5138,34,51,839,10.7,1,6,Self-employed,No,1,8.8
5139,38,39,682,12.0,1,14,Self-employed,No,1,11.1
5140,27,31,657,4.2,2,3,Salaried,No,0,0.0
5141,28,21,658,6.1,0,5,Salaried,No,0,0.0
5142,36,45,741,7.6,3,10,Salaried,Yes,1,7.5
5143,31,67,767,4.2,2,4,Self-employed,No,1,3.9
5144,37,58,632,17.4,0,14,Salaried,Yes,0,0.0
5145,22,40,536,4.8,2,0,Self-employed,Yes,0,0.0
5146,39,35,723,3.2,3,7,Self-employed,No,1,2.7
5147,27,33,686,3.8,3,3,Self-employed,No,0,0.0
5148,48,83,702,20.6,3,17,Salaried,No,0,0.0
5149,32,21,728,5.2,0,5,Salaried,No,1,5.2
5150,43,147,605,41.8,3,12,Self-employed,No,0,0.0
5151,23,40,694,4.8,1,1,Salaried,No,1,4.5
5152,37,152,666,17.4,0,11,Salaried,No,1,14.6
5153,27,78,717,23.7,0,3,Salaried,Yes,0,0.0
5154,30,35,781,4.3,2,3,Self-employed,No,1,4.2
5155,34,67,689,5.7,1,6,Salaried,No,1,5.2
5156,31,50,623,13.3,1,4,Salaried,No,0,0.0
5157,36,63,782,6.8,0,10,Salaried,No,1,5.8
5158,40,77,742,17.2,1,12,Salaried,Yes,1,14.8
5159,39,38,673,5.1,2,10,Salaried,No,1,4.4
5160,33,34,552,8.0,1,7,Salaried,No,0,0.0
5161,23,33,622,5.4,0,1,Salaried,Yes,1,5.3
5162,28,22,698,6.0,0,3,Self-employed,Yes,1,5.7
5163,32,38,729,4.7,1,4,Salaried,No,1,4.3
5164,21,45,647,3.0,0,0,Salaried,No,1,2.9
5165,40,54,720,8.2,0,8,Salaried,No,1,6.6
5166,32,49,639,3.6,2,5,Salaried,No,1,3.0
5167,32,39,655,4.6,0,8,Salaried,No,1,4.1
5168,42,87,727,10.5,1,19,Self-employed,No,1,10.5
5169,39,17,666,2.1,2,7,Self-employed,No,1,2.0
5170,36,39,697,4.3,0,8,Salaried,No,1,3.7
5171,26,36,753,5.1,0,3,Salaried,No,1,4.9
5172,36,71,,16.7,0,6,Salaried,No,1,13.4
5173,37,66,642,5.1,0,8,Salaried,No,1,4.1
5174,27,65,667,17.6,0,4,Self-employed,Yes,1,15.1
5175,42,56,587,5.2,1,17,Salaried,Yes,0,0.0
5176,38,74,588,19.4,4,7,Self-employed,No,0,0.0
5177,21,24,709,5.9,3,0,Self-employed,Yes,0,0.0
5178,35,50,647,9.5,2,9,Salaried,No,0,0.0
5179,24,15,546,2.6,0,1,Salaried,No,0,0.0
5180,43,124,726,9.4,3,14,Self-employed,No,1,7.7
5181,40,123,623,37.4,0,17,Salaried,Yes,0,0.0
5182,25,31,662,7.0,1,,Salaried,No,1,6.4
5183,27,27,717,3.3,1,2,Self-employed,No,1,2.9
5184,35,16,716,1.7,2,7,Salaried,Yes,1,1.7
5185,32,21,682,6.3,3,6,Self-employed,Yes,0,0.0
5186,46,52,536,11.4,1,,Salaried,Yes,0,0.0
5187,40,43,729,11.8,1,8,Salaried,No,1,10.9
5188,32,22,641,5.8,2,7,Salaried,Yes,0,0.0
5189,39,42,579,2.9,3,16,Salaried,No,0,0.0
5190,21,28,520,8.1,0,0,Salaried,Yes,0,0.0
5191,36,58,785,13.5,2,7,Self-employed,Yes,1,11.8
5192,41,75,697,14.0,2,14,Self-employed,Yes,1,13.6
5193,33,40,694,7.8,1,6,Salaried,No,0,0.0
5194,28,43,732,8.3,3,2,Self-employed,No,0,0.0
5195,39,46,680,13.1,2,7,Salaried,Yes,0,0.0
5196,50,22,575,2.9,0,25,Salaried,No,0,0.0
5197,36,49,737,3.8,4,6,Salaried,No,1,3.4
5198,25,40,761,4.2,1,2,Self-employed,No,1,4.0
5199,46,77,725,18.8,0,14,Self-employed,Yes,1,15.6
5200,21,16,802,2.6,0,0,Salaried,Yes,1,2.2
5201,38,72,829,11.8,4,10,Self-employed,No,1,9.5
5202,29,31,626,9.4,0,3,Salaried,Yes,0,0.0
5203,41,55,653,10.7,4,9,Self-employed,Yes,0,0.0
5204,27,75,753,5.9,1,2,Self-employed,No,1,5.1
5205,45,24,700,3.7,0,11,Salaried,No,1,3.0
5206,36,24,702,4.2,2,7,Salaried,No,0,0.0
5207,21,64,757,20.1,0,0,Salaried,Yes,1,17.3
5208,21,22,742,2.0,2,0,Salaried,No,1,2.0
5209,31,28,653,6.9,0,6,Salaried,No,0,0.0
5210,44,65,696,17.0,0,9,Self-employed,Yes,0,0.0
5211,35,42,633,4.0,1,8,Salaried,No,1,3.8
5212,35,75,672,23.1,0,,Salaried,No,0,0.0
5213,32,56,603,7.3,0,9,Salaried,No,0,0.0
5214,40,48,539,3.8,0,10,Salaried,No,0,0.0
5215,37,75,649,22.7,1,7,Salaried,Yes,1,21.1
5216,36,138,642,43.1,2,7,Salaried,No,0,0.0
5217,26,39,754,7.5,2,2,Salaried,Yes,1,6.9
5218,44,105,805,12.7,0,11,Self-employed,No,1,12.4
5219,45,105,689,7.5,2,21,Salaried,No,1,6.6
5220,24,43,722,13.1,1,2,Salaried,Yes,0,0.0
5221,52,73,639,13.7,2,19,Salaried,No,0,0.0
5222,40,32,617,10.1,0,12,Salaried,No,0,0.0
5223,30,33,666,7.1,0,6,Self-employed,Yes,1,6.4
5224,21,45,666,11.7,3,0,Self-employed,Yes,0,0.0
5225,39,51,709,8.9,1,13,Salaried,Yes,1,8.2
5226,38,100,696,16.3,1,,Salaried,Yes,1,14.0
5227,29,23,812,4.9,2,5,Salaried,No,1,4.0
5228,21,34,671,2.3,0,0,Salaried,No,1,2.3
5229,43,40,564,6.6,2,16,Salaried,No,0,0.0
5230,29,41,697,9.4,2,5,Salaried,No,0,0.0
5231,30,77,638,8.9,2,4,Salaried,No,1,8.2
5232,57,30,703,3.1,3,16,Self-employed,No,1,2.9
5233,51,92,772,13.6,1,21,Salaried,No,1,11.7
5234,42,38,639,5.1,2,12,Salaried,Yes,0,0.0
5235,30,39,682,9.9,2,7,Salaried,Yes,0,0.0
5236,39,79,727,7.1,1,9,Self-employed,Yes,1,7.0
5237,21,34,617,9.6,3,0,Salaried,Yes,0,0.0
5238,35,67,704,6.4,1,9,Salaried,Yes,1,5.6
5239,28,44,729,5.1,0,2,Salaried,No,1,5.0
5240,24,37,749,7.1,0,1,Self-employed,No,0,0.0
5241,21,33,770,4.8,3,0,Salaried,No,1,4.8
5242,38,20,730,2.7,0,8,Self-employed,No,1,2.7
5243,35,30,717,2.2,0,5,Salaried,No,1,1.8
5244,35,49,584,3.9,1,6,Salaried,Yes,1,3.3
5245,41,58,487,16.1,1,13,Salaried,Yes,0,0.0
5246,27,20,,6.3,2,2,Self-employed,No,0,0.0
5247,24,67,795,20.5,0,1,Self-employed,No,1,20.3
5248,21,53,697,10.3,1,0,Salaried,No,1,8.6
5249,31,24,519,2.6,2,6,Self-employed,Yes,0,0.0
5250,40,29,657,5.2,1,,Salaried,No,0,0.0
5251,33,62,,13.8,0,9,Salaried,Yes,1,11.9
5252,39,19,550,3.4,3,7,Self-employed,No,0,0.0
5253,25,29,732,6.7,0,3,Self-employed,No,1,6.1
5254,30,44,603,7.8,0,6,Self-employed,No,0,0.0
5255,28,42,767,10.8,1,5,Salaried,Yes,1,10.2
5256,24,39,691,11.1,1,1,Self-employed,Yes,0,0.0
5257,49,66,900,16.7,2,15,Salaried,Yes,1,14.7
5258,41,34,589,7.9,1,11,Salaried,No,0,0.0
5259,28,35,710,10.8,2,5,Self-employed,Yes,0,0.0
5260,28,122,578,28.4,1,4,Salaried,Yes,1,24.1
5261,34,23,775,1.8,1,7,Self-employed,Yes,1,1.7
5262,22,32,698,10.2,2,0,Salaried,Yes,0,0.0
5263,37,49,758,14.8,2,7,Salaried,No,0,0.0
5264,24,29,697,3.1,2,1,Salaried,No,0,0.0
5265,31,84,602,9.3,0,6,Salaried,Yes,1,8.8
5266,26,44,641,13.5,1,3,Salaried,Yes,1,12.3
5267,30,62,597,11.6,2,3,Salaried,No,0,0.0
5268,23,15,611,4.1,3,1,Salaried,No,0,0.0
5269,21,72,700,18.9,3,0,Self-employed,Yes,0,0.0
5270,26,74,770,20.9,0,2,Self-employed,No,1,17.6
5271,29,31,754,5.0,4,5,Self-employed,Yes,1,4.4
5272,32,94,728,26.2,1,9,Salaried,No,1,25.3
5273,35,52,647,10.6,1,6,Self-employed,No,1,10.2
5274,46,81,728,12.7,0,11,Salaried,Yes,1,10.7
5275,40,133,626,22.8,0,14,Self-employed,Yes,1,22.5
5276,32,49,705,14.7,0,7,Salaried,Yes,1,14.1
5277,40,28,752,4.1,0,7,Salaried,No,1,3.3
5278,28,45,676,13.2,0,5,Salaried,Yes,0,0.0
5279,46,33,654,8.1,0,22,Salaried,No,1,7.8
5280,38,36,657,5.3,0,,Salaried,No,1,4.7
5281,23,28,735,2.3,2,1,Salaried,Yes,1,2.2
5282,40,38,666,10.6,1,,Salaried,Yes,1,8.8
5283,41,90,583,7.4,0,10,Salaried,No,1,6.4
5284,21,61,659,18.7,0,0,Self-employed,No,0,0.0
5285,28,28,610,3.8,0,4,Salaried,Yes,0,0.0
5286,30,76,802,23.3,3,3,Salaried,No,1,20.3
5287,21,17,691,1.1,3,0,Salaried,No,0,0.0
5288,25,31,579,2.3,2,3,Salaried,Yes,0,0.0
5289,26,40,709,11.6,2,3,Salaried,No,0,0.0
5290,38,89,743,9.8,2,9,Salaried,No,1,9.8
5291,36,74,718,8.3,0,11,Salaried,No,1,8.3
5292,55,82,663,15.5,3,25,Salaried,Yes,1,14.4
5293,31,85,701,16.7,2,4,Self-employed,Yes,1,16.3
5294,43,77,710,8.5,0,13,Self-employed,Yes,1,8.3
5295,35,102,765,29.6,3,11,Self-employed,Yes,1,27.5
5296,36,31,717,2.6,1,6,Salaried,No,1,2.3
5297,25,18,859,1.7,0,2,Self-employed,No,1,1.5
5298,21,33,674,10.4,2,0,Salaried,Yes,0,0.0
5299,28,66,804,11.9,0,3,Salaried,No,1,11.5
5300,40,64,691,5.1,1,15,Salaried,No,1,4.6
5301,47,85,562,7.3,1,14,Salaried,Yes,0,0.0
5302,39,78,602,11.2,1,14,Salaried,Yes,1,10.4
5303,38,70,554,10.9,3,13,Self-employed,No,0,0.0
5304,27,67,561,19.5,1,4,Self-employed,Yes,0,0.0
5305,46,36,780,5.8,2,11,Salaried,Yes,1,5.4
5306,45,95,641,15.5,0,14,Self-employed,Yes,1,14.5
5307,30,29,735,5.2,3,7,Salaried,Yes,1,4.3
5308,34,47,623,6.9,1,9,Self-employed,Yes,0,0.0
5309,26,21,689,3.5,0,2,Salaried,Yes,1,3.3
5310,46,73,611,21.5,0,16,Self-employed,No,0,0.0
5311,37,23,754,6.6,3,9,Salaried,No,1,5.8
5312,33,97,671,19.9,0,7,Salaried,Yes,1,19.4
5313,37,25,656,2.2,3,9,Salaried,Yes,0,0.0
5314,38,61,678,15.4,2,,Salaried,No,0,0.0
5315,31,44,852,6.6,0,6,Salaried,No,1,5.6
5316,24,28,723,7.9,3,2,Salaried,No,0,0.0
5317,24,80,752,19.3,0,2,Salaried,No,1,16.4
5318,21,33,597,6.7,2,0,Self-employed,No,0,0.0
5319,38,112,641,15.1,0,13,Salaried,No,1,12.1
5320,52,31,712,6.5,2,11,Salaried,No,0,0.0
5321,21,27,551,8.3,0,0,Self-employed,No,0,0.0
5322,35,17,,4.2,2,6,Salaried,Yes,1,3.6
5323,37,67,710,10.5,1,10,Salaried,Yes,1,9.7
5324,26,68,688,15.7,2,2,Self-employed,Yes,0,0.0
5325,36,52,675,7.0,1,6,Self-employed,No,1,6.3
5326,25,40,672,5.3,2,3,Salaried,Yes,0,0.0
5327,44,34,652,8.1,0,,Self-employed,No,1,7.3
5328,29,142,794,40.8,2,3,Self-employed,No,1,34.4
5329,35,72,,17.7,3,9,Self-employed,No,1,15.5
5330,39,23,783,3.2,0,16,Self-employed,No,1,3.0
5331,31,41,667,4.7,1,7,Self-employed,No,1,4.2
5332,21,15,624,4.0,0,0,Self-employed,Yes,0,0.0
5333,30,97,791,12.0,3,3,Salaried,Yes,1,11.5
5334,40,148,599,37.1,3,14,Salaried,Yes,0,0.0
5335,33,97,644,25.0,1,6,Salaried,Yes,0,0.0
5336,36,48,743,2.9,0,8,Salaried,No,1,2.6
5337,25,32,771,10.2,2,2,Salaried,Yes,0,0.0
5338,35,24,591,7.7,2,8,Self-employed,No,0,0.0
5339,40,73,669,8.2,0,15,Salaried,Yes,1,7.4
5340,34,32,692,4.9,0,6,Self-employed,No,1,4.7
5341,49,48,680,14.5,0,17,Salaried,No,0,0.0
5342,32,34,625,4.4,1,6,Salaried,No,0,0.0
5343,26,38,740,6.3,0,3,Salaried,Yes,1,5.4
5344,21,64,650,5.8,0,0,Self-employed,Yes,1,5.2
5345,43,114,672,32.2,1,8,Salaried,Yes,1,28.5
5346,34,55,522,9.1,2,10,Salaried,No,0,0.0
5347,42,57,,17.2,2,15,Salaried,No,0,0.0
5348,38,27,,8.6,0,7,Self-employed,No,0,0.0
5349,47,31,742,6.2,0,16,Self-employed,No,1,5.6
5350,44,36,726,5.4,1,20,Salaried,No,1,4.6
5351,31,76,652,6.1,1,8,Salaried,Yes,1,5.4
5352,36,56,702,14.9,1,8,Salaried,No,1,14.3
5353,43,83,698,26.1,2,10,Salaried,No,0,0.0
5354,24,53,679,3.9,0,2,Self-employed,Yes,1,3.5
5355,46,49,717,13.4,3,19,Salaried,No,1,11.3
5356,44,31,680,3.7,1,16,Salaried,No,0,0.0
5357,42,44,654,7.8,2,12,Self-employed,No,0,0.0
5358,32,24,630,3.7,0,9,Self-employed,Yes,0,0.0
5359,36,131,815,26.9,0,7,Self-employed,No,1,21.8
5360,25,50,704,7.4,1,3,Salaried,Yes,1,7.1
5361,34,43,688,12.7,0,10,Self-employed,Yes,0,0.0
5362,29,125,743,8.7,1,5,Salaried,No,1,8.3
5363,35,40,661,8.7,2,7,Salaried,No,0,0.0
5364,30,62,661,14.5,1,6,Salaried,Yes,1,12.6
5365,36,45,739,13.9,2,8,Salaried,No,1,13.6
5366,43,65,766,13.8,0,13,Self-employed,No,1,12.7
5367,24,35,740,6.0,1,1,Self-employed,No,1,5.3
5368,41,74,579,8.1,0,16,Self-employed,No,1,7.3
5369,21,84,694,11.7,0,0,Salaried,No,1,10.2
5370,21,22,688,5.9,1,0,Salaried,Yes,0,0.0
5371,33,16,723,1.0,1,7,Salaried,No,1,0.9
5372,34,103,624,29.6,1,11,Salaried,Yes,0,0.0
5373,38,52,611,14.5,1,7,Salaried,Yes,0,0.0
5374,21,64,681,11.6,0,0,Salaried,No,0,0.0
5375,34,41,623,11.2,0,6,Salaried,No,1,9.6
5376,35,116,610,14.7,1,12,Self-employed,No,1,14.3
5377,44,126,684,13.5,1,9,Salaried,No,1,12.2
5378,33,28,758,7.2,0,10,Salaried,No,1,7.1
5379,38,75,700,18.4,1,12,Salaried,No,1,18.0
5380,26,32,772,4.8,0,,Self-employed,No,1,4.2
5381,32,21,615,5.1,0,6,Salaried,Yes,0,0.0
5382,30,39,742,3.6,0,4,Self-employed,No,1,3.5
5383,40,70,689,5.0,0,11,Salaried,No,1,4.2
5384,26,22,624,6.1,1,3,Self-employed,No,0,0.0
5385,27,23,658,4.2,1,3,Self-employed,No,0,0.0
5386,39,107,626,27.5,2,16,Salaried,Yes,1,23.0
5387,48,65,673,12.9,1,23,Salaried,No,1,11.4
5388,37,59,634,10.7,1,7,Salaried,Yes,0,0.0
5389,36,26,783,7.8,1,6,Salaried,Yes,1,6.8
5390,31,34,663,10.4,0,7,Salaried,Yes,0,0.0
5391,43,56,584,10.3,0,12,Self-employed,No,0,0.0
5392,38,53,675,7.8,3,8,Self-employed,Yes,1,7.7
5393,48,70,718,10.4,0,24,Self-employed,No,1,9.2
5394,37,113,666,30.5,0,10,Salaried,Yes,1,26.3
5395,26,46,753,6.6,1,2,Salaried,No,1,5.5
5396,29,21,622,3.8,1,5,Self-employed,Yes,0,0.0
5397,26,28,626,2.0,1,3,Self-employed,No,1,1.9
5398,24,41,810,5.0,1,,Self-employed,No,1,4.1
5399,44,101,690,28.6,2,13,Self-employed,Yes,1,23.5
5400,40,37,729,11.1,0,12,Salaried,No,1,9.8
5401,24,34,726,10.8,1,1,Salaried,Yes,1,9.3
5402,48,61,732,7.6,1,22,Salaried,No,1,6.5
5403,36,37,692,7.8,3,13,Self-employed,No,1,7.5
5404,26,27,675,5.6,0,1,Salaried,Yes,0,0.0
5405,37,46,770,13.2,1,12,Salaried,No,1,11.1
5406,33,82,,13.6,1,10,Salaried,No,1,12.1
5407,28,57,698,16.7,0,5,Salaried,No,1,14.6
5408,21,34,740,4.5,3,0,Salaried,Yes,1,3.8
5409,34,56,660,9.2,2,6,Salaried,Yes,0,0.0
5410,36,27,576,3.1,0,,Salaried,Yes,0,0.0
5411,21,65,723,6.0,0,0,Salaried,No,1,4.9
5412,38,77,769,18.2,0,14,Salaried,Yes,1,15.7
5413,39,62,708,16.2,1,14,Salaried,No,1,13.9
5414,30,20,566,3.5,0,6,Salaried,No,0,0.0
5415,35,143,737,37.8,1,12,Salaried,No,1,33.4
5416,32,15,835,3.2,1,9,Self-employed,No,1,2.6
5417,27,26,575,7.0,1,3,Self-employed,No,0,0.0
5418,31,28,490,4.8,2,6,Salaried,No,0,0.0
5419,45,85,672,11.8,2,21,Salaried,No,1,9.5
5420,22,18,695,4.4,0,0,Self-employed,No,0,0.0
5421,36,58,747,6.8,0,12,Self-employed,Yes,1,6.7
5422,35,42,750,10.9,1,6,Self-employed,Yes,1,10.0
5423,28,37,697,9.9,1,3,Self-employed,Yes,1,9.6
5424,30,68,730,8.1,0,5,Salaried,Yes,1,7.2
5425,23,83,715,19.6,0,1,Self-employed,Yes,1,17.9
5426,27,52,699,10.1,0,3,Salaried,Yes,1,8.5
5427,34,39,686,11.1,1,6,Salaried,Yes,1,10.4
5428,37,15,679,1.2,0,7,Salaried,No,1,1.1
5429,27,89,742,9.6,3,3,Salaried,No,1,8.4
5430,58,47,720,6.4,3,16,Salaried,No,0,0.0
5431,29,17,659,4.7,0,4,Salaried,No,0,0.0
5432,35,51,770,6.1,1,8,Salaried,Yes,1,5.6
5433,32,101,637,14.5,3,9,Salaried,No,0,0.0
5434,31,41,673,7.9,0,5,Salaried,No,0,0.0
5435,44,30,700,8.2,3,15,Salaried,No,0,0.0
5436,30,145,550,37.6,0,7,Self-employed,Yes,1,33.1
5437,45,73,662,5.7,0,14,Salaried,No,1,5.3
5438,43,60,753,9.9,0,11,Self-employed,Yes,1,9.9
5439,26,71,750,21.2,0,3,Salaried,No,1,19.5
5440,42,19,602,3.2,1,17,Self-employed,Yes,0,0.0
5441,29,42,629,4.7,2,4,Salaried,No,1,4.4
5442,56,61,611,5.7,0,27,Salaried,Yes,1,5.0
5443,31,144,673,24.2,0,6,Salaried,Yes,1,19.5
5444,26,32,685,7.2,0,3,Salaried,Yes,0,0.0
5445,21,30,573,9.3,3,0,Salaried,No,0,0.0
5446,24,20,713,5.8,4,1,Salaried,No,0,0.0
5447,29,28,695,8.3,2,3,Self-employed,Yes,0,0.0
5448,26,38,685,3.9,0,2,Salaried,Yes,1,3.5
5449,24,47,641,4.4,0,1,Salaried,No,1,3.8
5450,28,41,677,6.0,1,5,Self-employed,No,1,5.3
5451,32,129,560,31.0,1,7,Salaried,No,0,0.0
5452,46,79,707,14.2,1,22,Salaried,No,1,11.5
5453,21,55,705,15.6,1,0,Salaried,No,0,0.0
5454,30,90,682,18.4,0,5,Salaried,No,1,17.9
5455,26,59,604,18.7,2,3,Salaried,No,0,0.0
5456,22,31,783,7.0,2,0,Salaried,Yes,1,6.7
5457,24,19,773,3.1,0,1,Salaried,Yes,1,2.7
5458,27,53,,9.3,0,4,Self-employed,Yes,0,0.0
5459,40,33,720,8.9,0,11,Salaried,No,0,0.0
5460,32,90,701,16.3,0,6,Salaried,No,1,13.4
5461,30,30,502,5.2,0,4,Salaried,No,0,0.0
5462,39,15,728,1.5,1,7,Salaried,Yes,1,1.3
5463,36,51,738,13.3,1,10,Self-employed,No,1,13.1
5464,32,78,743,14.2,3,5,Salaried,Yes,0,0.0
5465,37,41,702,3.9,1,6,Salaried,Yes,1,3.3
5466,27,49,642,8.9,0,5,Self-employed,Yes,1,7.1
5467,39,60,653,14.1,2,15,Salaried,Yes,0,0.0
5468,38,117,728,31.7,0,9,Salaried,No,1,31.3
5469,31,54,776,16.6,0,6,Self-employed,Yes,1,14.5
5470,24,40,,4.5,1,1,Salaried,No,0,0.0
5471,46,46,670,9.3,1,23,Salaried,No,1,8.6
5472,35,20,741,2.7,1,7,Self-employed,Yes,1,2.7
5473,58,143,533,22.3,0,30,Salaried,No,0,0.0
5474,29,82,723,17.3,0,6,Salaried,Yes,1,15.4
5475,41,29,673,6.9,0,7,Salaried,No,0,0.0
5476,31,59,530,3.9,1,3,Salaried,No,0,0.0
5477,36,58,747,5.0,1,9,Self-employed,No,1,4.7
5478,41,39,623,10.6,1,7,Self-employed,No,0,0.0
5479,28,38,748,6.0,1,5,Salaried,Yes,1,5.0
5480,33,73,791,5.0,3,10,Salaried,No,1,4.2
5481,35,27,599,5.3,4,9,Salaried,No,0,0.0
5482,35,36,603,6.2,0,7,Salaried,Yes,0,0.0
5483,39,46,,6.5,0,8,Self-employed,No,1,5.9
5484,42,49,563,14.7,0,9,Salaried,No,0,0.0
5485,41,48,744,13.0,0,13,Salaried,No,1,12.6
5486,36,51,,9.5,4,6,Salaried,No,0,0.0
5487,31,57,762,15.5,1,4,Salaried,No,1,12.6
5488,25,27,557,7.9,0,2,Salaried,No,0,0.0
5489,28,47,705,6.2,0,5,Salaried,Yes,1,5.8
5490,30,35,725,3.5,1,6,Salaried,Yes,1,2.8
5491,39,120,559,18.7,1,16,Salaried,Yes,0,0.0
5492,31,23,756,5.0,2,8,Self-employed,No,1,4.3
5493,24,36,590,10.8,4,1,Salaried,No,0,0.0
5494,39,71,704,18.2,0,10,Salaried,Yes,0,0.0
5495,28,37,595,8.9,3,3,Self-employed,Yes,0,0.0
5496,28,38,749,6.7,0,5,Salaried,Yes,1,6.1
5497,32,36,816,8.6,0,7,Salaried,Yes,1,7.2
5498,38,63,696,9.4,4,14,Salaried,Yes,1,7.6
5499,21,22,694,1.4,2,0,Salaried,Yes,1,1.1
5500,25,41,787,4.2,2,3,Salaried,No,1,3.5
